{"eval_psnr": 28.567590597826573, "psnrs": [26.376987687378225, 27.282115070060836, 26.286840093751916, 30.63642388844871, 28.398872036532108, 25.753133860456426, 31.64446426743219, 25.14930329269095, 28.691626070706743, 23.235085548273542, 27.75081763237238, 30.310519244338188, 31.908904316026163, 29.044655233751698, 18.395448518329612, 29.23871024592568, 32.748399593273, 30.740371777596618, 28.13998297391883, 27.758168166697885, 28.921413785728987, 26.917288218014818, 29.905001649374338, 18.769899900029127, 22.807657367288865, 23.149556822201927, 21.20386530117736, 36.90727783210613, 34.01493954361648, 33.779876502378926, 33.25791091762299, 32.79479857985132, 35.25588559274223, 29.011399335033808, 23.781310256207732, 23.051990113984818, 31.944250795702448, 25.864947338948863, 27.890596778858374, 35.98649561308739, 29.079726307767256, 28.698314309317166, 19.824769731270596, 26.043613351677493, 26.670878656270865, 24.102527153329945, 29.865953817540657, 21.062882331890457, 29.000797222658186, 34.16121544212314, 23.713355549659063, 25.142381035520607, 26.25305435151734, 24.30469790940865, 22.213998570287238, 26.502891945301318, 25.752974833398177, 27.81435467756074, 20.934622018561406, 35.26229492048351, 25.20656418089372, 29.36895387142978, 33.461990800919224, 31.475660471756655, 29.388248291359016, 32.91693833797423, 23.204056318009968, 29.192647767687138, 29.156068574783617, 24.84728258349538, 25.009332010198793, 17.890271729912882, 26.61263017714013, 22.553378476904925, 24.705524826257342, 23.138093927115836, 25.68034468409968, 32.44752364553554, 21.95181438672889, 23.871789742384827, 28.012984087820332, 24.44206723028172, 33.53383421198873, 25.975410048638206, 24.75847586439467, 29.49944898815597, 27.430202007556105, 29.514201488717614, 21.54500528888622, 25.866739533626998, 23.901085952390588, 26.867939820865033, 27.447158386810337, 22.569349637452948, 30.29904236774872, 27.34601742912107, 28.949698059395487, 24.116105409775905, 25.740014137125993, 24.814867331982104, 32.31869392700689, 29.093744396194758, 27.0335816332924, 25.173227359023443, 29.946766575344007, 25.996565850164103, 32.01185870084923, 29.77415329020849, 28.093734739632104, 32.01356489174299, 31.989288409612612, 27.422766250712975, 32.46610912809335, 25.35625886526196, 29.705636623884814, 28.549130160505214, 31.221676522380115, 30.024488692596623, 28.051832634291117, 28.561827302131746, 29.78583732620269, 27.631407362496027, 27.14383926923235, 23.668394389263838, 33.46502628127147, 27.964919787651112, 24.503861257025488, 24.013755972525583, 28.38735561588951, 29.810478830026632, 30.575619378551018, 27.492829439116747, 26.475569832868384, 21.31937186769968, 28.10473520912201, 27.734884367643847, 23.71672492192607, 28.03774823370462, 28.368482563528175, 30.723048563895286, 29.753541819019425, 29.795849460709046, 23.71139309575145, 30.371599641933578, 31.921737995897615, 30.999407385435283, 28.427261290307353, 33.67390232119647, 30.477009434596823, 28.85864772561478, 34.20380079163066, 34.960134124185146, 31.078032688648566, 24.502896362658532, 27.662526804263802, 25.825046559226188, 33.452058938884264, 25.603153159787404, 26.59797733437221, 24.10322437381311, 32.70157341887754, 32.15546189781817, 35.66844502218502, 29.07255021066974, 26.63454914657446, 24.991261132519504, 20.577750305085342, 25.723736528677815, 28.78481885801572, 32.4944866510876, 30.087512726328292, 21.332372751382923, 26.737804999071102, 26.76031471057793, 35.03874384017878, 28.949592159222522, 30.728964293039873, 30.710244010867882, 27.031798818941457, 34.766686481464575, 31.329218133620845, 31.137520942898732, 29.229125187196026, 32.01882743347742, 31.22832427761033, 28.7436588953172, 29.25302772109611, 34.99505534978228, 33.383776189680624, 33.40861558252877, 35.95139416667945, 32.36929086042076, 23.458458437399784, 30.939760816041346, 33.40055733462745, 34.175191410403244, 29.47745855904156, 23.923471716518634, 29.474818966608964, 35.98128621726178, 23.184478204598456, 24.320991463583375, 30.413904233053763, 26.381131940096118, 23.274656032929776, 22.72309236753663, 33.916607560968906, 26.379167617957986, 30.6585575591264, 30.137709610592008, 32.68988716141348, 30.48026243877587, 29.045141834528753, 28.38996548197208, 25.50812184012207, 29.741654149215194, 28.378397282074644, 30.64007673370017, 34.20631942484984, 29.890657227226534, 24.25739184841671, 30.555439477912508, 37.48334227250667, 34.254177971468984, 30.214054689255455, 28.747950611871545, 29.27479886625956, 26.518254935862533, 28.691063566011014, 34.71508509846315, 31.656702338318723, 24.28968879044177, 25.551938969019453, 28.01940741636733, 26.508126385303356, 26.1837439489506, 27.066422100770797, 26.63230574925468, 27.636291967640005, 27.285242830852585, 20.97553868293138, 31.66536417469807, 19.277158953836636, 28.97461549326787, 30.892456251053247, 34.254768272811624, 30.689003971648102, 33.95324944436411, 29.124848389074035, 32.337433115719946, 28.940124920351877, 26.470221917830376, 34.62100480512329, 24.835345053837116, 33.64571311468638, 27.51274103448925, 32.165172492341895, 28.58472883196665, 29.838610422309763, 27.314069111977975, 26.52417531292702, 32.0311066501253, 31.054326517743604, 24.063885472681328, 26.615731756314034, 27.765935976849086, 33.756825515481744, 24.06351043206353, 23.984613235925522, 29.609007583876554, 31.14349808683823, 29.547646538864242, 29.117396025449924, 27.158581400918266, 29.655637686548857, 34.297513977332216, 25.20774462097901, 16.54950198063275, 23.586579485453612, 26.21079791569759, 30.122636407394886, 27.627698977321167, 30.28155170377996, 24.044397034040728, 23.92021158120994, 29.70067299790255, 31.088439490603157, 30.033212314092992, 21.30731081488998, 24.634263790522745, 28.344184244066067, 24.252157477240445, 34.67630375670498, 23.514469137690934, 25.99240533581396, 33.42618536012684, 26.695584439077496, 31.799273249161935, 30.913483099106173, 25.709788329436577, 25.528048391403928, 26.10710780465352, 29.444723256621003, 25.660135989525212, 28.039584032899825, 28.145488883130433, 31.20616678172043, 31.47874352080478, 33.52194570588329, 20.57098321054147, 27.285407118938842, 22.886500207174617, 22.126416892600815, 30.3554599701774, 29.24377871003316, 28.70201044509606, 24.306598509238565, 30.132798974131383, 27.697704549568222, 29.803027460690306, 26.052288252466266, 32.141481762102046, 26.6544588333391, 26.52338621405533, 33.65774374127634, 22.33310554337585, 22.865505544133455, 32.492328901026944, 33.94079541564302, 31.65595002707196, 31.28987724009479, 26.26758320034591, 28.103506153971935, 34.377065839655295, 22.258675606483553, 23.023338915460382, 26.100886611126057, 24.34885355530923, 22.733587332206397, 23.972642944528346, 31.68217077293037, 31.772544606189967, 31.003625290388165, 26.50363145323421, 35.844057670008176, 32.1470933235569, 31.868425476262125, 31.720572721674078, 33.213586988869196, 29.154072181156955, 29.029419364357555, 22.949451781114888, 35.98961484508115, 24.086294995868407, 35.57212006808899, 24.35564568243896, 30.975324771094602, 30.947698215771993, 31.810707678020925, 27.923105736252502, 26.503399978159415, 23.258589396701083, 32.26366863482315, 29.136702700038967, 28.218326424486694, 30.618717304832188, 30.34403811258713, 31.879947107597324, 28.32160806282348, 29.943745422981657, 29.915716717922916, 33.32220389477396, 29.067330433746083, 26.36993179153954, 26.442937371935265, 29.985474243315863, 32.529815316796316, 30.33090838925201, 27.33024359833398, 28.132279192669714, 24.114259620687925, 31.597120458160436, 31.152409862598404, 28.83350359661325, 29.015727874543238, 33.33297462506833, 26.524133042541017, 18.93852112879514, 29.483978321569086, 27.748245685025434, 31.259372937196073, 27.883606926018494, 29.249945359717536, 20.25203610829715, 28.594498090580316, 22.1017358845198, 30.522613684457905, 20.850934411087387, 32.2256017740127, 32.38124755257926, 28.628465907151664, 27.91009473417585, 30.48974721691814, 33.321644313125056, 30.630940017091323, 31.266478029981705, 